seed,phase_b_epoch,warm_condition_a_accuracy,warm_condition_b_accuracy,fresh_condition_a_accuracy,fresh_condition_b_accuracy
42,0,0.9422222222222222,0.06888888888888889,,
42,1,0.8355555555555556,0.35333333333333333,0.07777777777777778,0.38222222222222224
42,2,0.7755555555555556,0.5377777777777778,0.09333333333333334,0.5466666666666666
42,3,0.8177777777777778,0.6044444444444445,0.07333333333333333,0.5111111111111111
42,4,0.8066666666666666,0.7377777777777778,0.04666666666666667,0.7333333333333333
42,5,0.7888888888888889,0.7733333333333333,0.057777777777777775,0.7622222222222222
42,6,0.7844444444444445,0.7444444444444445,0.07555555555555556,0.7733333333333333
42,7,0.7733333333333333,0.8422222222222222,0.1,0.8022222222222222
42,8,0.7488888888888889,0.8644444444444445,0.11333333333333333,0.8711111111111111
42,9,0.74,0.8555555555555555,0.1111111111111111,0.8466666666666667
42,10,0.7466666666666667,0.8844444444444445,0.08222222222222222,0.8911111111111111
42,11,0.74,0.8822222222222222,0.09111111111111111,0.8933333333333333
42,12,0.7333333333333333,0.8622222222222222,0.11777777777777777,0.8644444444444445
42,13,0.7377777777777778,0.8977777777777778,0.06222222222222222,0.9044444444444445
42,14,0.74,0.8933333333333333,0.10666666666666667,0.9066666666666666
42,15,0.7311111111111112,0.9111111111111111,0.09111111111111111,0.9133333333333333
42,16,0.7288888888888889,0.9133333333333333,0.08888888888888889,0.9177777777777778
42,17,0.7288888888888889,0.9155555555555556,0.09555555555555556,0.9155555555555556
42,18,0.7266666666666667,0.8911111111111111,0.08,0.8933333333333333
42,19,0.7222222222222222,0.9088888888888889,0.09555555555555556,0.92
42,20,0.7288888888888889,0.8933333333333333,0.07777777777777778,0.8955555555555555
42,21,0.7222222222222222,0.9177777777777778,0.10222222222222223,0.92
42,22,0.7311111111111112,0.9177777777777778,0.09333333333333334,0.9333333333333333
42,23,0.7155555555555555,0.9244444444444444,0.08444444444444445,0.9288888888888889
42,24,0.7066666666666667,0.9377777777777778,0.09111111111111111,0.9355555555555556
42,25,0.7022222222222222,0.8711111111111111,0.08,0.88
42,26,0.6955555555555556,0.9066666666666666,0.09111111111111111,0.8977777777777778
42,27,0.7177777777777777,0.9288888888888889,0.09555555555555556,0.9355555555555556
42,28,0.7177777777777777,0.9333333333333333,0.09555555555555556,0.9311111111111111
42,29,0.7088888888888889,0.94,0.09111111111111111,0.9422222222222222
42,30,0.7066666666666667,0.9222222222222223,0.09333333333333334,0.9266666666666666
43,0,0.9422222222222222,0.09111111111111111,,
43,1,0.8777777777777778,0.2777777777777778,0.15333333333333332,0.3088888888888889
43,2,0.88,0.5466666666666666,0.13777777777777778,0.5933333333333334
43,3,0.8911111111111111,0.66,0.1,0.7888888888888889
43,4,0.8777777777777778,0.7377777777777778,0.08888888888888889,0.7555555555555555
43,5,0.8866666666666667,0.7688888888888888,0.07333333333333333,0.8266666666666667
43,6,0.8711111111111111,0.8333333333333334,0.08666666666666667,0.8644444444444445
43,7,0.8622222222222222,0.8733333333333333,0.1,0.8644444444444445
43,8,0.8755555555555555,0.8666666666666667,0.06888888888888889,0.8822222222222222
43,9,0.8311111111111111,0.8777777777777778,0.07333333333333333,0.9022222222222223
43,10,0.8711111111111111,0.86,0.08,0.8622222222222222
43,11,0.8466666666666667,0.8844444444444445,0.08222222222222222,0.8911111111111111
43,12,0.8533333333333334,0.8911111111111111,0.07333333333333333,0.8977777777777778
43,13,0.8244444444444444,0.9133333333333333,0.09111111111111111,0.9266666666666666
43,14,0.8133333333333334,0.9133333333333333,0.1,0.9155555555555556
43,15,0.8266666666666667,0.8888888888888888,0.07777777777777778,0.8777777777777778
43,16,0.7933333333333333,0.9155555555555556,0.07777777777777778,0.9244444444444444
43,17,0.7977777777777778,0.9266666666666666,0.08888888888888889,0.9111111111111111
43,18,0.8,0.8977777777777778,0.08222222222222222,0.8933333333333333
43,19,0.78,0.8933333333333333,0.09333333333333334,0.8822222222222222
43,20,0.7955555555555556,0.9155555555555556,0.08444444444444445,0.92
43,21,0.7911111111111111,0.9111111111111111,0.08,0.8844444444444445
43,22,0.7622222222222222,0.9377777777777778,0.08888888888888889,0.9377777777777778
43,23,0.7688888888888888,0.9422222222222222,0.09111111111111111,0.9333333333333333
43,24,0.7622222222222222,0.9422222222222222,0.09111111111111111,0.9377777777777778
43,25,0.7644444444444445,0.9511111111111111,0.09333333333333334,0.9377777777777778
43,26,0.7511111111111111,0.9488888888888889,0.09555555555555556,0.9377777777777778
43,27,0.7488888888888889,0.9488888888888889,0.08888888888888889,0.9377777777777778
43,28,0.7466666666666667,0.9466666666666667,0.09111111111111111,0.9422222222222222
43,29,0.7555555555555555,0.9488888888888889,0.08888888888888889,0.9422222222222222
43,30,0.7177777777777777,0.9355555555555556,0.09777777777777778,0.94
44,0,0.9444444444444444,0.08,,
44,1,0.82,0.33555555555555555,0.11555555555555555,0.41333333333333333
44,2,0.8911111111111111,0.6066666666666667,0.12,0.5444444444444444
44,3,0.8711111111111111,0.7511111111111111,0.13111111111111112,0.7555555555555555
44,4,0.8666666666666667,0.7822222222222223,0.14444444444444443,0.8022222222222222
44,5,0.8444444444444444,0.82,0.11777777777777777,0.8111111111111111
44,6,0.8466666666666667,0.8444444444444444,0.12,0.84
44,7,0.8622222222222222,0.8355555555555556,0.1288888888888889,0.8466666666666667
44,8,0.8244444444444444,0.8577777777777778,0.16,0.8822222222222222
44,9,0.8355555555555556,0.8866666666666667,0.1288888888888889,0.8933333333333333
44,10,0.7888888888888889,0.8911111111111111,0.12444444444444444,0.8822222222222222
44,11,0.8155555555555556,0.9022222222222223,0.14,0.9
44,12,0.7844444444444445,0.9044444444444445,0.13333333333333333,0.8866666666666667
44,13,0.7955555555555556,0.8955555555555555,0.13333333333333333,0.9022222222222223
44,14,0.7866666666666666,0.9022222222222223,0.15333333333333332,0.9133333333333333
44,15,0.7844444444444445,0.9133333333333333,0.12666666666666668,0.9133333333333333
44,16,0.8088888888888889,0.9,0.13333333333333333,0.8977777777777778
44,17,0.7755555555555556,0.92,0.12444444444444444,0.9177777777777778
44,18,0.7866666666666666,0.92,0.12222222222222222,0.9177777777777778
44,19,0.7777777777777778,0.9177777777777778,0.12444444444444444,0.9244444444444444
44,20,0.7733333333333333,0.9266666666666666,0.14,0.9333333333333333
44,21,0.7733333333333333,0.9177777777777778,0.1288888888888889,0.9244444444444444
44,22,0.7822222222222223,0.9333333333333333,0.12444444444444444,0.9355555555555556
44,23,0.7733333333333333,0.9222222222222223,0.12222222222222222,0.9311111111111111
44,24,0.7688888888888888,0.9377777777777778,0.12222222222222222,0.9333333333333333
44,25,0.7622222222222222,0.92,0.11555555555555555,0.92
44,26,0.7422222222222222,0.9155555555555556,0.13555555555555557,0.9177777777777778
44,27,0.7688888888888888,0.9288888888888889,0.12222222222222222,0.9422222222222222
44,28,0.7622222222222222,0.9377777777777778,0.12222222222222222,0.9422222222222222
44,29,0.7622222222222222,0.9288888888888889,0.11555555555555555,0.9333333333333333
44,30,0.76,0.9266666666666666,0.11555555555555555,0.9244444444444444
45,0,0.9333333333333333,0.08888888888888889,,
45,1,0.8955555555555555,0.28,0.05333333333333334,0.4866666666666667
45,2,0.9,0.5822222222222222,0.05555555555555555,0.6222222222222222
45,3,0.9044444444444445,0.6777777777777778,0.05333333333333334,0.7244444444444444
45,4,0.9022222222222223,0.7355555555555555,0.051111111111111114,0.7888888888888889
45,5,0.8733333333333333,0.8155555555555556,0.06444444444444444,0.8733333333333333
45,6,0.8822222222222222,0.8155555555555556,0.02666666666666667,0.8355555555555556
45,7,0.8711111111111111,0.8688888888888889,0.03333333333333333,0.8733333333333333
45,8,0.8555555555555555,0.8577777777777778,0.042222222222222223,0.8688888888888889
45,9,0.8355555555555556,0.8577777777777778,0.03777777777777778,0.9044444444444445
45,10,0.8466666666666667,0.8933333333333333,0.022222222222222223,0.9088888888888889
45,11,0.8311111111111111,0.8955555555555555,0.035555555555555556,0.9066666666666666
45,12,0.8244444444444444,0.8933333333333333,0.044444444444444446,0.8955555555555555
45,13,0.8155555555555556,0.9088888888888889,0.03333333333333333,0.9133333333333333
45,14,0.8155555555555556,0.9022222222222223,0.044444444444444446,0.8977777777777778
45,15,0.8288888888888889,0.9022222222222223,0.035555555555555556,0.9066666666666666
45,16,0.82,0.9177777777777778,0.03333333333333333,0.9244444444444444
45,17,0.8,0.9177777777777778,0.03777777777777778,0.9288888888888889
45,18,0.7666666666666667,0.9,0.044444444444444446,0.9044444444444445
45,19,0.7688888888888888,0.9222222222222223,0.06444444444444444,0.9044444444444445
45,20,0.7955555555555556,0.9244444444444444,0.04,0.92
45,21,0.7822222222222223,0.9244444444444444,0.05555555555555555,0.9266666666666666
45,22,0.7644444444444445,0.92,0.051111111111111114,0.9177777777777778
45,23,0.7888888888888889,0.9222222222222223,0.042222222222222223,0.9288888888888889
45,24,0.7755555555555556,0.9288888888888889,0.044444444444444446,0.9355555555555556
45,25,0.76,0.9333333333333333,0.044444444444444446,0.9333333333333333
45,26,0.7666666666666667,0.9311111111111111,0.051111111111111114,0.9311111111111111
45,27,0.76,0.9377777777777778,0.04666666666666667,0.9311111111111111
45,28,0.7933333333333333,0.9222222222222223,0.04888888888888889,0.9133333333333333
45,29,0.7266666666666667,0.9422222222222222,0.06,0.9466666666666667
45,30,0.7422222222222222,0.9377777777777778,0.05333333333333334,0.9244444444444444
46,0,0.9333333333333333,0.051111111111111114,,
46,1,0.8377777777777777,0.3466666666666667,0.10222222222222223,0.37777777777777777
46,2,0.8044444444444444,0.5688888888888889,0.09555555555555556,0.5711111111111111
46,3,0.8444444444444444,0.6155555555555555,0.10888888888888888,0.6488888888888888
46,4,0.7844444444444445,0.7466666666666667,0.09777777777777778,0.7911111111111111
46,5,0.8066666666666666,0.7533333333333333,0.10888888888888888,0.7377777777777778
46,6,0.8244444444444444,0.8311111111111111,0.1,0.8422222222222222
46,7,0.8044444444444444,0.8311111111111111,0.09555555555555556,0.8622222222222222
46,8,0.7533333333333333,0.8288888888888889,0.12222222222222222,0.8311111111111111
46,9,0.7622222222222222,0.8688888888888889,0.10444444444444445,0.8622222222222222
46,10,0.7555555555555555,0.8866666666666667,0.12222222222222222,0.8911111111111111
46,11,0.7488888888888889,0.8955555555555555,0.12444444444444444,0.8955555555555555
46,12,0.7511111111111111,0.8933333333333333,0.12444444444444444,0.8888888888888888
46,13,0.7444444444444445,0.9066666666666666,0.1,0.8977777777777778
46,14,0.7333333333333333,0.9155555555555556,0.12222222222222222,0.9044444444444445
46,15,0.7288888888888889,0.9133333333333333,0.12,0.9
46,16,0.7355555555555555,0.8888888888888888,0.10666666666666667,0.8977777777777778
46,17,0.7244444444444444,0.9177777777777778,0.12,0.9066666666666666
46,18,0.6933333333333334,0.9066666666666666,0.11777777777777777,0.9066666666666666
46,19,0.7155555555555555,0.9111111111111111,0.12222222222222222,0.9066666666666666
46,20,0.7088888888888889,0.9288888888888889,0.11555555555555555,0.9111111111111111
46,21,0.7022222222222222,0.9288888888888889,0.11555555555555555,0.9177777777777778
46,22,0.6933333333333334,0.9288888888888889,0.11333333333333333,0.9222222222222223
46,23,0.6822222222222222,0.9311111111111111,0.11777777777777777,0.9222222222222223
46,24,0.6911111111111111,0.9355555555555556,0.12222222222222222,0.9244444444444444
46,25,0.6844444444444444,0.9422222222222222,0.11777777777777777,0.9133333333333333
46,26,0.6933333333333334,0.9288888888888889,0.13333333333333333,0.92
46,27,0.6822222222222222,0.9377777777777778,0.10888888888888888,0.9355555555555556
46,28,0.6844444444444444,0.9377777777777778,0.11777777777777777,0.9311111111111111
46,29,0.68,0.9355555555555556,0.12666666666666668,0.9133333333333333
46,30,0.6711111111111111,0.94,0.11777777777777777,0.9288888888888889
