seed,phase_a_epoch,warm_condition_a_accuracy
42,1,0.3977777777777778
42,2,0.52
42,3,0.6066666666666667
42,4,0.7422222222222222
42,5,0.7933333333333333
42,6,0.8066666666666666
42,7,0.8511111111111112
42,8,0.8955555555555555
42,9,0.8422222222222222
42,10,0.88
42,11,0.8955555555555555
42,12,0.9022222222222223
42,13,0.9111111111111111
42,14,0.8933333333333333
42,15,0.9266666666666666
42,16,0.9311111111111111
42,17,0.9266666666666666
42,18,0.92
42,19,0.9244444444444444
42,20,0.9311111111111111
42,21,0.9088888888888889
42,22,0.9333333333333333
42,23,0.9266666666666666
42,24,0.9288888888888889
42,25,0.92
42,26,0.9244444444444444
42,27,0.94
42,28,0.9422222222222222
42,29,0.94
42,30,0.9444444444444444
42,31,0.9466666666666667
42,32,0.9377777777777778
42,33,0.9444444444444444
42,34,0.9377777777777778
42,35,0.9444444444444444
42,36,0.9266666666666666
42,37,0.9466666666666667
42,38,0.9422222222222222
42,39,0.9488888888888889
42,40,0.9422222222222222
43,1,0.3377777777777778
43,2,0.6288888888888889
43,3,0.7711111111111111
43,4,0.8311111111111111
43,5,0.8333333333333334
43,6,0.8533333333333334
43,7,0.8777777777777778
43,8,0.8911111111111111
43,9,0.8822222222222222
43,10,0.8844444444444445
43,11,0.8777777777777778
43,12,0.9133333333333333
43,13,0.8977777777777778
43,14,0.9044444444444445
43,15,0.9044444444444445
43,16,0.9111111111111111
43,17,0.8955555555555555
43,18,0.9088888888888889
43,19,0.8533333333333334
43,20,0.8977777777777778
43,21,0.92
43,22,0.9044444444444445
43,23,0.9266666666666666
43,24,0.9266666666666666
43,25,0.9244444444444444
43,26,0.9288888888888889
43,27,0.9222222222222223
43,28,0.9266666666666666
43,29,0.9355555555555556
43,30,0.9377777777777778
43,31,0.9311111111111111
43,32,0.9333333333333333
43,33,0.9355555555555556
43,34,0.9355555555555556
43,35,0.9333333333333333
43,36,0.9422222222222222
43,37,0.94
43,38,0.9466666666666667
43,39,0.9377777777777778
43,40,0.9422222222222222
44,1,0.29777777777777775
44,2,0.4955555555555556
44,3,0.6977777777777778
44,4,0.7555555555555555
44,5,0.7688888888888888
44,6,0.8466666666666667
44,7,0.8444444444444444
44,8,0.8777777777777778
44,9,0.8977777777777778
44,10,0.8911111111111111
44,11,0.8977777777777778
44,12,0.9088888888888889
44,13,0.9133333333333333
44,14,0.9133333333333333
44,15,0.9155555555555556
44,16,0.9377777777777778
44,17,0.9222222222222223
44,18,0.9311111111111111
44,19,0.9377777777777778
44,20,0.9288888888888889
44,21,0.9177777777777778
44,22,0.9333333333333333
44,23,0.94
44,24,0.9355555555555556
44,25,0.9377777777777778
44,26,0.9488888888888889
44,27,0.9377777777777778
44,28,0.9511111111111111
44,29,0.9377777777777778
44,30,0.9511111111111111
44,31,0.9422222222222222
44,32,0.9333333333333333
44,33,0.9533333333333334
44,34,0.9488888888888889
44,35,0.9444444444444444
44,36,0.9444444444444444
44,37,0.9533333333333334
44,38,0.9533333333333334
44,39,0.9511111111111111
44,40,0.9444444444444444
45,1,0.28
45,2,0.6
45,3,0.6377777777777778
45,4,0.74
45,5,0.7688888888888888
45,6,0.7955555555555556
45,7,0.8311111111111111
45,8,0.8666666666666667
45,9,0.8622222222222222
45,10,0.8555555555555555
45,11,0.8866666666666667
45,12,0.9022222222222223
45,13,0.8755555555555555
45,14,0.9111111111111111
45,15,0.9088888888888889
45,16,0.9133333333333333
45,17,0.9177777777777778
45,18,0.9022222222222223
45,19,0.92
45,20,0.9133333333333333
45,21,0.9133333333333333
45,22,0.9177777777777778
45,23,0.92
45,24,0.9222222222222223
45,25,0.9222222222222223
45,26,0.9133333333333333
45,27,0.9244444444444444
45,28,0.9155555555555556
45,29,0.9266666666666666
45,30,0.9355555555555556
45,31,0.9244444444444444
45,32,0.9155555555555556
45,33,0.9266666666666666
45,34,0.9288888888888889
45,35,0.9377777777777778
45,36,0.9288888888888889
45,37,0.9422222222222222
45,38,0.9288888888888889
45,39,0.9444444444444444
45,40,0.9333333333333333
46,1,0.4688888888888889
46,2,0.6111111111111112
46,3,0.6977777777777778
46,4,0.78
46,5,0.8288888888888889
46,6,0.8444444444444444
46,7,0.8488888888888889
46,8,0.8666666666666667
46,9,0.8777777777777778
46,10,0.8844444444444445
46,11,0.8866666666666667
46,12,0.8955555555555555
46,13,0.8911111111111111
46,14,0.9088888888888889
46,15,0.9022222222222223
46,16,0.9066666666666666
46,17,0.8955555555555555
46,18,0.9111111111111111
46,19,0.9088888888888889
46,20,0.9066666666666666
46,21,0.92
46,22,0.9177777777777778
46,23,0.9311111111111111
46,24,0.9288888888888889
46,25,0.9333333333333333
46,26,0.92
46,27,0.9088888888888889
46,28,0.9111111111111111
46,29,0.9288888888888889
46,30,0.9377777777777778
46,31,0.9355555555555556
46,32,0.9422222222222222
46,33,0.9377777777777778
46,34,0.9133333333333333
46,35,0.9377777777777778
46,36,0.9377777777777778
46,37,0.9133333333333333
46,38,0.94
46,39,0.9377777777777778
46,40,0.9333333333333333
