metric,mean,std
warm_A_pre_change,0.9391111111111112,0.00535181981279655
warm_B_immediate_after_change,0.076,0.01643543296631164
immediate_accuracy_change,-0.8631111111111112,0.015523777063620441
warm_B_epoch_5,0.7862222222222222,0.029789384139444847
fresh_B_epoch_5,0.8022222222222222,0.053587358007944404
warm_B_early_learning_slope,0.11146666666666664,0.00964633877965375
fresh_B_early_learning_slope,0.10155555555555555,0.011268879905340512
warm_epochs_to_90pct_B,13.0,1.4142135623730951
fresh_epochs_to_90pct_B,11.2,2.280350850198276
warm_mean_B_accuracy,0.8571703703703705,0.0074059998662709065
fresh_mean_B_accuracy,0.8627703703703705,0.012036250686565554
warm_B_final,0.9324444444444445,0.007633584016585615
fresh_B_final,0.9288888888888888,0.0064788354387169955
warm_minus_fresh_B_final,0.003555555555555601,0.008403409067195102
warm_A_final_after_B,0.7195555555555556,0.034152887917223346
warm_A_retention_change,-0.21955555555555556,0.0321800490297258
warm_A_retention_fraction,0.7661568098937688,0.03475312261308838
